6.00,1

-10.00,2

-10.00,3

-11.00,4

-11.00,5

-12.00,6

-11.00,7

-11.00,8

-12.00,9

-6.00,10

-9.00,11

-9.00,12

-10.00,13

-11.00,14

-11.00,15

-11.00,16

-12.00,17

-10.00,18

-10.00,19

-11.00,20

-10.00,21

-10.00,22

-11.00,23

-11.00,24

-12.00,25

-11.00,26

-11.00,27

-11.00,28

-11.00,29

-11.00,30

-11.00,31

-11.00,32

-11.00,33

-11.00,34

-11.00,35

-12.00,36

-11.00,37

-11.00,38

-11.00,39

-11.00,40

-11.00,41

-7.00,42

-10.00,43

-11.00,44

-9.00,45

-11.00,46

-11.00,47

-11.00,48

-11.00,49

-10.00,50

-11.00,51

-7.00,52

-10.00,53

-11.00,54

-11.00,55

-11.00,56

-11.00,57

-11.00,58

-11.00,59

-12.00,60

-11.00,61

-11.00,62

-10.00,63

-11.00,64

-10.00,65

-4.00,66

-7.00,67

-7.00,68

-7.00,69

-7.00,70

-7.00,71

-7.00,72

-7.00,73

-6.00,74

-7.00,75

-7.00,76

-6.00,77

-8.00,78

-7.00,79

-7.00,80

-6.00,81

-11.00,82

-11.00,83

-11.00,84

-12.00,85

-11.00,86

-11.00,87

-11.00,88

-11.00,89

-9.00,90

-11.00,91

-12.00,92

-11.00,93

-7.00,94

-11.00,95

-11.00,96

-12.00,97

-11.00,98

-11.00,99

-11.00,100

-10.00,101

2.00,102

-8.00,103

-1.00,104

-2.00,105

-1.00,106

-2.00,107

-2.00,108

-2.00,109

-2.00,110

-2.00,111

-1.00,112

0.00,113

-7.00,114

-1.00,115

0.00,116

-8.00,117

-1.00,118

-1.00,119

-7.00,120

-11.00,121

-11.00,122

-11.00,123

-12.00,124

-4.00,125

-1.00,126

-1.00,127

-2.00,128

-2.00,129

-1.00,130

-1.00,131

-10.00,132

-11.00,133

-6.00,134

-1.00,135

-7.00,136

-10.00,137

-11.00,138

-11.00,139

-11.00,140

3.00,141

-9.00,142

-1.00,143

-2.00,144

-2.00,145

-2.00,146

-1.00,147

-1.00,148

-2.00,149

-2.00,150

-1.00,151

-1.00,152

-2.00,153

-1.00,154

-2.00,155

-1.00,156

-2.00,157

0.00,158

-7.00,159

-11.00,160

-10.00,161

-11.00,162

-11.00,163

-11.00,164

2.00,165

-8.00,166

-1.00,167

-1.00,168

-2.00,169

-2.00,170

-2.00,171

-2.00,172

-2.00,173

-9.00,174

-11.00,175

-11.00,176

2.00,177

-8.00,178

-11.00,179

-11.00,180

-11.00,181

-11.00,182

-1.00,183

-1.00,184

-1.00,185

-1.00,186

-1.00,187

-1.00,188

-2.00,189

-2.00,190

-1.00,191

-1.00,192

-1.00,193

-1.00,194

-1.00,195

-2.00,196

-1.00,197

-7.00,198

-11.00,199

-11.00,200

-12.00,201

-11.00,202

-5.00,203

-1.00,204

-1.00,205

-1.00,206

-2.00,207

-1.00,208

-1.00,209

-1.00,210

-1.00,211

-1.00,212

-2.00,213

-2.00,214

-2.00,215

-10.00,216

-11.00,217

-5.00,218

-1.00,219

-7.00,220

-11.00,221

-10.00,222

-11.00,223

-11.00,224

2.00,225

-9.00,226

-1.00,227

-1.00,228

-2.00,229

-1.00,230

-1.00,231

-2.00,232

-1.00,233

-1.00,234

-2.00,235

-1.00,236

-6.00,237

-11.00,238

-11.00,239

-12.00,240

-11.00,241

-5.00,242

-2.00,243

-2.00,244

-2.00,245

-2.00,246

-1.00,247

-2.00,248

-2.00,249

-1.00,250

-2.00,251

-1.00,252

-2.00,253

-1.00,254

-1.00,255

-1.00,256

-1.00,257

-10.00,258

-11.00,259

-6.00,260

-1.00,261

-7.00,262

-10.00,263

-11.00,264

-11.00,265

-11.00,266

3.00,267

-9.00,268

-1.00,269

-2.00,270

-1.00,271

-2.00,272

-2.00,273

-2.00,274

-2.00,275

-7.00,276

-11.00,277

-11.00,278

-10.00,279

-11.00,280

-8.00,281

-1.00,282

-1.00,283

-2.00,284

-2.00,285

-1.00,286

-1.00,287

-2.00,288

-2.00,289

-2.00,290

-2.00,291

-2.00,292

-2.00,293

0.00,294

-7.00,295

-2.00,296

-2.00,297

-1.00,298

-1.00,299

-10.00,300

-11.00,301

-6.00,302

-1.00,303

-7.00,304

-11.00,305

-11.00,306

-11.00,307

-10.00,308

3.00,309

-7.00,310

-1.00,311

-1.00,312

-1.00,313

-1.00,314

-6.00,315

-10.00,316

-10.00,317

-10.00,318

-10.00,319

-3.00,320

0.00,321

-7.00,322

0.00,323

-7.00,324

0.00,325

-7.00,326

0.00,327

-7.00,328

-1.00,329

-1.00,330

-1.00,331

0.00,332

-8.00,333

-1.00,334

-1.00,335

-1.00,336

-2.00,337

-2.00,338

-1.00,339

-1.00,340

-2.00,341

-10.00,342

-11.00,343

-5.00,344

-1.00,345

-8.00,346

-11.00,347

-11.00,348

-11.00,349

-10.00,350

3.00,351

-8.00,352

-1.00,353

-6.00,354

-11.00,355

-12.00,356

-11.00,357

-11.00,358

-3.00,359

-2.00,360

-1.00,361

-1.00,362

-1.00,363

-1.00,364

-2.00,365

-1.00,366

-2.00,367

-1.00,368

-2.00,369

-1.00,370

-1.00,371

-2.00,372

0.00,373

-7.00,374

-1.00,375

-2.00,376

-1.00,377

-2.00,378

-1.00,379

-1.00,380

-1.00,381

-1.00,382

-1.00,383

-9.00,384

-10.00,385

-11.00,386

3.00,387

-7.00,388

-10.00,389

-10.00,390

-10.00,391

-11.00,392

-6.00,393

-10.00,394

-11.00,395

-11.00,396

-10.00,397

-1.00,398

1.00,399

-7.00,400

0.00,401

-7.00,402

0.00,403

-6.00,404

1.00,405

-7.00,406

-1.00,407

0.00,408

-7.00,409

0.00,410

-8.00,411

-1.00,412

-1.00,413

-1.00,414

-2.00,415

-1.00,416

0.00,417

-7.00,418

-1.00,419

-1.00,420

-1.00,421

-1.00,422

-1.00,423

-1.00,424

-1.00,425

-1.00,426

-9.00,427

-10.00,428

-12.00,429

-7.00,430

-11.00,431

-6.00,432

-10.00,433

-11.00,434

-11.00,435

-11.00,436

-11.00,437

-12.00,438

-7.00,439

-1.00,440

-1.00,441

-1.00,442

-1.00,443

-1.00,444

-1.00,445

-1.00,446

-1.00,447

-2.00,448

-1.00,449

-1.00,450

-1.00,451

-1.00,452

-1.00,453

-1.00,454

-1.00,455

-1.00,456

-1.00,457

0.00,458

-6.00,459

0.00,460

-7.00,461

0.00,462

-6.00,463

0.00,464

-7.00,465

1.00,466

-7.00,467

0.00,468

-8.00,469

-10.00,470

-9.00,471

-6.00,472

-10.00,473

-9.00,474

-11.00,475

-11.00,476

-11.00,477

-10.00,478

-11.00,479

-11.00,480

-11.00,481

2.00,482

-8.00,483

-1.00,484

-1.00,485

-1.00,486

-1.00,487

-1.00,488

-1.00,489

0.00,490

-7.00,491

0.00,492

-7.00,493

0.00,494

-7.00,495

-1.00,496

-1.00,497

-1.00,498

-1.00,499

-1.00,500

-2.00,501

-2.00,502

0.00,503

-7.00,504

-1.00,505

-2.00,506

-1.00,507

-2.00,508

-1.00,509

-1.00,510

-6.00,511

-9.00,512

-11.00,513

-7.00,514

-10.00,515

-10.00,516

-11.00,517

-10.00,518

-11.00,519

-12.00,520

-10.00,521

-10.00,522

-6.00,523

0.00,524

-7.00,525

1.00,526

-6.00,527

0.00,528

-7.00,529

0.00,530

-5.00,531

1.00,532

-7.00,533

0.00,534

-6.00,535

0.00,536

-6.00,537

0.00,538

-6.00,539

0.00,540

-7.00,541

-1.00,542

0.00,543

-6.00,544

0.00,545

-7.00,546

0.00,547

-7.00,548

0.00,549

-6.00,550

-9.00,551

-10.00,552

-10.00,553

-7.00,1

-12.00,2

-10.00,3

-11.00,4

-12.00,5

-11.00,6

-11.00,7

-12.00,8

-12.00,9

-12.00,10

-12.00,11

-12.00,12

-12.00,13

-12.00,14

-12.00,15

-11.00,16

-12.00,17

-11.00,18

-11.00,19

-13.00,20

-12.00,21

-11.00,22

-14.00,23

-10.00,24

-9.00,25

-13.00,26

-11.00,27

-13.00,28

-11.00,29

-12.00,30

-12.00,31

-12.00,32

-12.00,33

-11.00,34

-11.00,35

-10.00,36

-11.00,37

-12.00,38

-11.00,39

-11.00,40

-11.00,41

-12.00,42

-11.00,43

-12.00,44

-9.00,45

-11.00,46

-11.00,47

-11.00,48

-12.00,49

-12.00,50

-11.00,51

-11.00,52

-10.00,53

-11.00,54

-10.00,55

-11.00,56

-11.00,57

-11.00,58

-10.00,59

-10.00,60

-10.00,61

-10.00,62

-10.00,63

-10.00,64

-10.00,65

-10.00,66

-11.00,67

-11.00,68

-11.00,69

-11.00,70

-11.00,71

-11.00,72

-10.00,73

-10.00,74

-10.00,75

-11.00,76

-11.00,77

-11.00,78

-12.00,79

-11.00,80

-11.00,81

-11.00,82

-11.00,83

-12.00,84

-11.00,85

-10.00,86

-10.00,87

-9.00,88

-11.00,89

-11.00,90

-11.00,91

-11.00,92

-11.00,93

-11.00,94

-10.00,95

-11.00,96

-12.00,97

-11.00,98

-11.00,99

-12.00,100

-11.00,101

-11.00,102

-11.00,103

-11.00,104

-12.00,105

-11.00,106

-12.00,107

-11.00,108

-12.00,109

-12.00,110

-11.00,111

-11.00,112

-10.00,113

-10.00,114

-11.00,115

-12.00,116

-12.00,117

-12.00,118

-11.00,119

-12.00,120

-11.00,121

-12.00,122

-12.00,123

-12.00,124

-11.00,125

-12.00,126

-12.00,127

-10.00,128

-10.00,129

-11.00,130

-11.00,131

-12.00,132

-11.00,133

-12.00,134

-11.00,135

-12.00,136

-12.00,137

-11.00,138

-12.00,139

-11.00,140

-12.00,141

-12.00,142

-11.00,143

-12.00,144

-11.00,145

-11.00,146

-11.00,147

-11.00,148

-11.00,149

-11.00,150

-12.00,151

-10.00,152

-10.00,153

-12.00,154

-12.00,155

-11.00,156

-12.00,157

-12.00,158

-12.00,159

-11.00,160

-10.00,161

-12.00,162

-12.00,163

-12.00,164

-12.00,165

-11.00,166

-12.00,167

-10.00,168

-11.00,169

-11.00,170

-10.00,171

-11.00,172

-11.00,173

-12.00,174

-11.00,175

-12.00,176

-11.00,177

-11.00,178

-11.00,179

-11.00,180

-12.00,181

-11.00,182

-11.00,183

-12.00,184

-12.00,185

-11.00,186

-12.00,187

-11.00,188

-12.00,189

-12.00,190

-10.00,191

-10.00,192

-11.00,193

-11.00,194

-12.00,195

-11.00,196

-11.00,197

-12.00,198

-12.00,199

-12.00,200

-10.00,201

-11.00,202

-12.00,203

-11.00,204

-11.00,205

-12.00,206

-9.00,207

-11.00,208

-12.00,209

-11.00,210

-12.00,211

-11.00,212

-10.00,213

-11.00,214

-12.00,215

-11.00,216

-12.00,217

-12.00,218

-11.00,219

-11.00,220

-11.00,221

-12.00,222

-11.00,223

-12.00,224

-12.00,225

-12.00,226

-11.00,227

-12.00,228

-11.00,229

-10.00,230

-10.00,231

-12.00,232

-12.00,233

-12.00,234

-10.00,235

-12.00,236

-12.00,237

-12.00,238

-12.00,239

-11.00,240

-12.00,241

-12.00,242

-12.00,243

-12.00,244

-12.00,245

-8.00,246

-11.00,247

-11.00,248

-11.00,249

-11.00,250

-11.00,251

-11.00,252

-11.00,253

-10.00,254

-10.00,255

-11.00,256

-11.00,257

-12.00,258

-11.00,259

-10.00,260

-12.00,261

-10.00,262

-11.00,263

-11.00,264

-10.00,265

-11.00,266

-11.00,267

-11.00,268

-10.00,269

-9.00,270

-12.00,271

-11.00,272

-12.00,273

-12.00,274

-12.00,275

-11.00,276

-11.00,277

-11.00,278

-12.00,279

-12.00,280

-11.00,281

-12.00,282

-12.00,283

-12.00,284

-12.00,285

-9.00,286

-12.00,287

-12.00,288

-12.00,289

-11.00,290

-12.00,291

-11.00,292

-12.00,293

-11.00,294

-11.00,295

-11.00,296

-11.00,297

-12.00,298

-12.00,299

-12.00,300

-11.00,301

-11.00,302

-11.00,303

-11.00,304

-11.00,305

-11.00,306

-11.00,307

-11.00,308

-10.00,309

-12.00,310

-12.00,311

-11.00,312

-11.00,313

-12.00,314

-11.00,315

-12.00,316

-11.00,317

-12.00,318

-11.00,319

-11.00,320

-12.00,321

-12.00,322

-12.00,323

-10.00,324

-10.00,325

-12.00,326

-12.00,327

-12.00,328

-11.00,329

-11.00,330

-11.00,331

-12.00,332

-12.00,333

-12.00,334

-11.00,335

-11.00,336

-12.00,337

-11.00,338

-10.00,339

-11.00,340

-11.00,341

-8.00,1

-15.00,2

-11.00,3

-12.00,4

-15.00,5

-12.00,6

-10.00,7

-12.00,8

-12.00,9

-11.00,10

-12.00,11

-12.00,12

-12.00,13

-12.00,14

-12.00,15

-11.00,16

-12.00,17

-12.00,18

-12.00,19

-12.00,20

-11.00,21

-12.00,22

-12.00,23

-12.00,24

-12.00,25

-11.00,26

-10.00,27

-11.00,28

-11.00,29

-10.00,30

-11.00,31

-12.00,32

-12.00,33

-11.00,34

-11.00,35

-10.00,36

-11.00,37

-12.00,38

-12.00,39

-5.00,40

-11.00,41

-12.00,42

-12.00,43

-13.00,44

-12.00,45

-8.00,46

-12.00,47

-12.00,48

-12.00,49

-12.00,50

-12.00,51

-12.00,52

-12.00,53

-12.00,54

-12.00,55

-13.00,56

-12.00,57

-12.00,58

-11.00,59

-12.00,60

-12.00,61

-12.00,62

-12.00,63

-12.00,64

-12.00,65

-8.00,66

-13.00,67

-11.00,68

-10.00,69

-12.00,70

-12.00,71

-12.00,72

-12.00,73

-12.00,74

-12.00,75

-12.00,76

-12.00,77

-12.00,78

273.00,79

-8.00,80

-13.00,81

-10.00,82

-11.00,83

-12.00,84

-8.00,85

-11.00,86

-12.00,87

-11.00,88

-11.00,89

-11.00,90

-12.00,91

-11.00,92

-12.00,93

-13.00,94

-11.00,95

-11.00,96

-11.00,97

-11.00,98

13.00,99

-11.00,100

-11.00,101

-11.00,102

-11.00,103

-12.00,104

-11.00,105

-12.00,106

-11.00,107

-12.00,108

-12.00,109

-12.00,110

-9.00,111

-12.00,112

-8.00,113

-4.00,114

-9.00,115

-12.00,116

-11.00,117

-12.00,118

-12.00,119

-12.00,120

-11.00,121

-11.00,122

-12.00,123

-6.00,124

-11.00,125

-12.00,126

6.00,127

-15.00,128

-11.00,129

-13.00,130

-12.00,131

-13.00,132

-10.00,133

-11.00,134

-12.00,135

-11.00,136

-12.00,137

-11.00,138

-11.00,139

-11.00,140

-11.00,141

-11.00,142

-11.00,143

-70.00,144

-24.00,145

-8.00,146

-12.00,147

-11.00,148

-9.00,149

-11.00,150

-12.00,151

-10.00,152

-11.00,153

-12.00,154

-11.00,155

-11.00,156

-12.00,157

-12.00,158

-12.00,159

-11.00,160

-12.00,161

-12.00,162

-13.00,163

-7.00,164

-12.00,165

-12.00,166

-13.00,167

-10.00,168

-12.00,169

-12.00,170

-12.00,171

-12.00,172

-21.00,173

-11.00,174

-12.00,175

-10.00,176

-12.00,177

-11.00,178

-12.00,179

-13.00,180

-13.00,181

-13.00,182

-12.00,183

-10.00,184

-10.00,185

-4.00,186

-14.00,187

-11.00,188

-11.00,189

-9.00,190

-9.00,191

-11.00,192

-10.00,193

-12.00,194

-12.00,195

-11.00,196

-12.00,197

-10.00,198

-10.00,199

-17.00,200

-13.00,201

-11.00,202

-5.00,203

-9.00,204

-13.00,205

-12.00,206

-12.00,207

-11.00,208

-11.00,209

-9.00,210

-11.00,211

-10.00,212

-11.00,213

-38.00,214

-10.00,215

-12.00,216

-11.00,217

-10.00,218

-11.00,219

-11.00,220

-11.00,221

-11.00,222

-11.00,223

-10.00,224

-11.00,225

-11.00,226

-12.00,227

-11.00,228

-7.00,229

-12.00,230

-9.00,231

-11.00,232

-11.00,233

-11.00,234

-11.00,235

-10.00,236

-10.00,237

-11.00,238

-10.00,239

-20.00,240

-13.00,241

-5.00,242

-10.00,243

-11.00,244

-12.00,245

-11.00,246

-11.00,247

-11.00,248

-10.00,249

-10.00,250

-8.00,251

-30.00,252

-14.00,253

-9.00,254

-10.00,255

-10.00,256

-10.00,257

-12.00,258

-10.00,259

-11.00,260

-11.00,261

-10.00,262

-9.00,263

5.00,264

-12.00,265

-12.00,266

-10.00,267

-12.00,268

-11.00,269

-11.00,270

-11.00,271

-12.00,272

-12.00,273

-11.00,274

-14.00,275

-12.00,276

-11.00,277

-12.00,278

-11.00,279

-12.00,280

-7.00,281

-11.00,282

-12.00,283

-12.00,284

-12.00,285

-12.00,286

-12.00,287

-12.00,288

-11.00,289

-10.00,290

-13.00,291

-11.00,292

-10.00,293

-11.00,294

-12.00,295

-12.00,296

-10.00,297

-12.00,298

-13.00,299

-12.00,300

-12.00,301

-12.00,302

-12.00,303

-12.00,304

-12.00,305

-11.00,306

-12.00,307

-12.00,308

-12.00,309

-9.00,310

-10.00,311

-11.00,312

-12.00,313

-12.00,314

-12.00,315

-12.00,316

-11.00,317

-12.00,318

-11.00,319

-7.00,320

-12.00,321

-12.00,322

-12.00,323

-5.00,324

-12.00,325

-12.00,326

-12.00,327

-12.00,328

-11.00,329

-12.00,330

-12.00,331

-12.00,332

-11.00,333

-11.00,334

-11.00,335

-12.00,336

-3.00,337

-11.00,338

-12.00,339

-12.00,340

-12.00,341

-11.00,342

-9.00,343

-12.00,344

-12.00,345

-11.00,346

-12.00,347

-12.00,348

-12.00,349

-8.00,350

-12.00,351

-12.00,352

-12.00,353

-12.00,354

-12.00,355

-12.00,356

-12.00,357

-11.00,358

-7.00,359

-14.00,360

-12.00,361

-4.00,362

-11.00,363

-12.00,364

-12.00,365

-11.00,366

-12.00,367

-12.00,368

-11.00,369

-12.00,370

-12.00,371

-12.00,372

-12.00,373

-10.00,374

-11.00,375

-11.00,376

-10.00,377

-12.00,378

-11.00,379

-12.00,380

-13.00,381

-12.00,382

-13.00,383

-12.00,384

-11.00,385

-11.00,386

-12.00,387

-12.00,388

-12.00,389

-10.00,390

-12.00,391

-12.00,392

-12.00,393

-12.00,394

-12.00,395

-12.00,396

-12.00,397

-7.00,398

-12.00,399

-12.00,400

-12.00,401

-12.00,402

-12.00,403

-11.00,404

-12.00,405

-12.00,406

-12.00,407

-12.00,408

-12.00,409

-12.00,410

-11.00,411

-11.00,412

-12.00,413

-12.00,414

-12.00,415

-12.00,416

-12.00,417

-11.00,418

-10.00,419

-11.00,420

-12.00,421

-12.00,422

-12.00,423

-11.00,424

-12.00,425

-12.00,426

-11.00,427

-12.00,428

-12.00,429

-12.00,430

-12.00,431

-11.00,432

-11.00,433

-12.00,434

-12.00,435

-12.00,436

-11.00,437

-10.00,438

-12.00,439

-12.00,440

-13.00,441

-12.00,442

-12.00,443

-11.00,444

-11.00,445

-12.00,446

-12.00,447

-12.00,448

-12.00,449

-12.00,450

-12.00,451

-12.00,452

-12.00,453

-12.00,454

-12.00,455

-11.00,456

-12.00,457

-12.00,458

-12.00,459

-11.00,460

-10.00,461

-11.00,462

-11.00,463

-11.00,464

-11.00,465

-11.00,466

-12.00,467

-11.00,468

-10.00,469

-11.00,470

-10.00,471

-11.00,472

-9.00,473

-12.00,474

-11.00,475

-12.00,476

-7.00,477

-11.00,478

-11.00,479

-12.00,480

-12.00,481

-12.00,482

-11.00,483

-12.00,484

-11.00,485

-12.00,486

-12.00,487

-12.00,488

-12.00,489

-12.00,490

-11.00,491

-12.00,492

-12.00,493

-12.00,494

-12.00,495

-12.00,496

-11.00,497

-12.00,498

-12.00,499

-12.00,500

-12.00,501

-12.00,502

-8.00,503

-11.00,504

-12.00,505

-11.00,506

-11.00,507

-10.00,508

-11.00,509

-12.00,510

-12.00,511

-12.00,512

-12.00,513

-11.00,514

-12.00,515

-7.00,516

-12.00,517

-13.00,518

-6.00,519

-13.00,520

-13.00,521

-12.00,522

-11.00,523

-11.00,524

-12.00,525

-13.00,526

-13.00,527

-10.00,528

-11.00,529

-12.00,530

-12.00,531

-12.00,532

-12.00,533

-12.00,534

-11.00,535

-11.00,536

-12.00,537

-12.00,538

-11.00,539

-12.00,540

-11.00,541

-12.00,542

-12.00,543

-11.00,544

-7.00,545

-12.00,546

-12.00,547

-9.00,548

-17.00,549

-13.00,550

-13.00,551

-12.00,552

-12.00,553

-11.00,554

-8.00,555

-12.00,556

-12.00,557

-12.00,558

-12.00,559

-12.00,560

-12.00,561

-12.00,562

-12.00,563

-13.00,564

-12.00,565

-13.00,566

-12.00,567

-12.00,568

-13.00,569

-10.00,570

-12.00,571

-12.00,572

-12.00,573

-11.00,574

-12.00,575

-5.00,576

-14.00,577

-13.00,578

-12.00,579

-11.00,580

-12.00,581

-12.00,582

-12.00,583

-12.00,584

-12.00,585

-12.00,586

-9.00,587

-12.00,588

-12.00,589

-11.00,590

-12.00,591

-12.00,592

-12.00,593

-8.00,594

-13.00,595

-10.00,596

-12.00,597

-12.00,598

-11.00,599

-11.00,600

-13.00,601

-12.00,602

-12.00,603

-14.00,604

-5.00,605

-13.00,606

-12.00,607

-11.00,608

-11.00,609

-12.00,610

-12.00,611

-12.00,612

-12.00,613

-12.00,614

-11.00,615

-12.00,616

-12.00,617

-12.00,618

-12.00,619

-12.00,620

-12.00,621

-11.00,622

-11.00,623

-12.00,624

-12.00,625

-12.00,626

-9.00,627

-12.00,628

-8.00,629

22.00,630

-20.00,631

-10.00,632

-6.00,633

-11.00,634

-12.00,635

-11.00,636

-11.00,637

-14.00,638

-15.00,639

-12.00,640

-10.00,641

-12.00,642

-12.00,643

-11.00,644

-12.00,645

-12.00,646

-12.00,647

-12.00,648

-12.00,649

-13.00,650

-11.00,651

-11.00,652

-12.00,653

-12.00,654

-13.00,655

-13.00,656

-13.00,657

-13.00,658

-14.00,659

-15.00,660

-13.00,661

-12.00,662

-11.00,663

-9.00,664

-11.00,665

-11.00,666

-8.00,667

-17.00,668

-7.00,669

-24.00,670

-19.00,671

61.00,672

-22.00,673

-80.00,674

-21.00,675

33.00,676

-127.00,677

13.00,678

-5.00,679

-37.00,680

46.00,681

-73.00,682

-58.00,683

66.00,684

0.00,685

-43.00,686

42.00,687

31.00,688

-18.00,689

-106.00,690

62.00,691

-145.00,692

-13.00,693

40.00,694

10.00,695

-52.00,696

-37.00,697

124.00,698

8.00,699

-33.00,700

18.00,701

15.00,702

18.00,703

5.00,704

60.00,705

52.00,706

15.00,707

150.00,708

46.00,709

-174.00,710

104.00,711

-70.00,712

3.00,713

-48.00,714

86.00,715

157.00,716

-87.00,717

-166.00,718

167.00,719

-343.00,720

-176.00,721

-343.00,722

56.00,723

181.00,724

-242.00,725

244.00,726

-86.00,727

-202.00,728

135.00,729

126.00,730

44.00,731

-5.00,732

-6.00,733

-9.00,734

-13.00,735

-14.00,736

-16.00,737

-15.00,738

-16.00,739

-5.00,740

-14.00,741

-1.00,742

-21.00,743

-11.00,744

-16.00,745

-17.00,746

-9.00,747

-11.00,748

3.00,749

7.00,750

-22.00,751

16.00,752

-9.00,753

8.00,754

-11.00,755

-9.00,756

-16.00,757

-10.00,758

-13.00,759

-11.00,760

-19.00,761

-14.00,762

-8.00,763

-13.00,764

-13.00,765

-11.00,766

-11.00,767

-12.00,768

-11.00,769

-12.00,770

-11.00,771

-11.00,772

-14.00,773

-11.00,774

-11.00,775

-12.00,776

-12.00,777

-12.00,778

-12.00,779

-12.00,780

-11.00,781

-12.00,782

-12.00,783

-13.00,784

-10.00,785

-10.00,786

-13.00,787

-10.00,788

-12.00,789

-7.00,790

-11.00,791

-12.00,792

-11.00,793

-12.00,794

-11.00,795

-12.00,796

-11.00,797

-10.00,798

-12.00,799

-12.00,800

-12.00,801

-12.00,802

-12.00,803

-12.00,804

-11.00,805

-12.00,806

-12.00,807

-12.00,808

-12.00,809

-12.00,810

-12.00,811

-12.00,812

-12.00,813

-12.00,814

-12.00,815

-12.00,816

-11.00,817

-13.00,818

-8.00,819

-20.00,820

1.00,821

1.00,822

-23.00,823

-4.00,824

-10.00,825

4.00,826

66.00,827

-242.00,828

-35.00,829

-115.00,830

-37.00,831

-100.00,832

-89.00,833

-28.00,834

-192.00,835

-343.00,836

-71.00,837

-343.00,838

228.00,839

228.00,840

24.00,841

275.00,842

149.00,843

30.00,844

25.00,845

20.00,846

-343.00,847

91.00,848

-343.00,849

89.00,850

337.00,851

180.00,852

337.00,853

-343.00,854

-197.00,855

336.00,856

-343.00,857

339.00,858

337.00,859

337.00,860

339.00,861

339.00,862

339.00,863

9.00,864

-343.00,865

336.00,866

-343.00,867

205.00,868

215.00,869

194.00,870

45.00,871

335.00,872

335.00,873

-343.00,874

-181.00,875

336.00,876

335.00,877

-343.00,878

335.00,879

280.00,880

241.00,881

336.00,882

335.00,883

-343.00,884

336.00,885

-343.00,886

335.00,887

-343.00,888

-343.00,889

335.00,890

336.00,891

-343.00,892

336.00,893

335.00,894

335.00,895

-38.00,896

336.00,897

-343.00,898

-343.00,899

-343.00,900

12.00,901

-333.00,902

-343.00,903

-343.00,904

-174.00,905

335.00,906

-343.00,907

320.00,908

195.00,909

-226.00,910

-21.00,911

247.00,912

139.00,913

-299.00,914

-146.00,915

132.00,916

-120.00,917

335.00,918

-55.00,919

-115.00,920

-343.00,921

336.00,922

-318.00,923

79.00,924

212.00,925

-343.00,926

-101.00,927

335.00,928

57.00,929

335.00,930

140.00,931

-67.00,932

-281.00,933

-292.00,934

23.00,935

267.00,936

-18.00,937

-170.00,938

44.00,939

-76.00,940

-67.00,941

-343.00,942

169.00,943

67.00,944

118.00,945

5.00,946

-197.00,947

76.00,948

105.00,949

-205.00,950

88.00,951

56.00,952

44.00,953

152.00,954

215.00,955

87.00,956

100.00,957

86.00,958

-185.00,959

120.00,960

-121.00,961

-46.00,962

-169.00,963

-240.00,964

-85.00,965

61.00,966

198.00,967

48.00,968

155.00,969

245.00,970

-53.00,971

108.00,972

27.00,973

58.00,974

-134.00,975

-29.00,976

-38.00,977

-14.00,978

46.00,979

34.00,980

1.00,981

-168.00,982

56.00,983

90.00,984

67.00,985

-216.00,986

-59.00,987

-109.00,988

58.00,989

-77.00,990

46.00,991

-7.00,992

-40.00,993

-85.00,994

-167.00,995

-109.00,996

-15.00,997

-197.00,998

196.00,999

6.00,1000

-97.00,1001

-223.00,1002

-11.00,1003

-19.00,1004

35.00,1005

26.00,1006

27.00,1007

-4.00,1008

6.00,1009

19.00,1010

-11.00,1011

-21.00,1012

-18.00,1013

-9.00,1014

-10.00,1015

-11.00,1016

-10.00,1017

-9.00,1018

-11.00,1019

-12.00,1020

-10.00,1021

-11.00,1022

-11.00,1023

-18.00,1024

-3.00,1025

14.00,1026

-42.00,1027

-2.00,1028

-9.00,1029

-7.00,1030

-10.00,1031

-9.00,1032

-25.00,1033

-17.00,1034

2.00,1035

13.00,1036

-45.00,1037

-72.00,1038

-19.00,1039

43.00,1040

-54.00,1041

-36.00,1042

41.00,1043

-52.00,1044

-46.00,1045

41.00,1046

0.00,1047

2.00,1048

-25.00,1049

33.00,1050

-65.00,1051

13.00,1052

-8.00,1053

-63.00,1054

-40.00,1055

-32.00,1056

-39.00,1057

-47.00,1058

-42.00,1059

7.00,1060

-35.00,1061

-14.00,1062

-17.00,1063

12.00,1064

2.00,1065

7.00,1066

-16.00,1067

-13.00,1068

-10.00,1069

-4.00,1070

-39.00,1071

37.00,1072

-19.00,1073

-55.00,1074

16.00,1075

32.00,1076

20.00,1077

14.00,1078

14.00,1079

13.00,1080

5.00,1081

-42.00,1082

-48.00,1083

-46.00,1084

-55.00,1085

-35.00,1086

9.00,1087

1.00,1088

-27.00,1089

-1.00,1090

-22.00,1091

-21.00,1092

-19.00,1093

4.00,1094

-8.00,1095

-18.00,1096

3.00,1097

1.00,1098

7.00,1099

-13.00,1100

-8.00,1101

-11.00,1102

-11.00,1103

-9.00,1104

-12.00,1105

-12.00,1106

-12.00,1107

-10.00,1108

67.00,1109

-60.00,1110

88.00,1111

240.00,1112

32.00,1113

336.00,1114

-164.00,1115

49.00,1116

255.00,1117

-343.00,1118

108.00,1119

318.00,1120

-120.00,1121

-343.00,1122

-308.00,1123

-343.00,1124

335.00,1125

335.00,1126

43.00,1127

37.00,1128

336.00,1129

226.00,1130

-263.00,1131

336.00,1132

-343.00,1133

151.00,1134

335.00,1135

-191.00,1136

-343.00,1137

287.00,1138

337.00,1139

249.00,1140

-51.00,1141

-343.00,1142

-343.00,1143

-46.00,1144

-343.00,1145

337.00,1146

-343.00,1147

60.00,1148

337.00,1149

214.00,1150

338.00,1151

-343.00,1152

-343.00,1153

336.00,1154

-105.00,1155

335.00,1156

216.00,1157

72.00,1158

-343.00,1159

-343.00,1160

280.00,1161

335.00,1162

90.00,1163

335.00,1164

-343.00,1165

95.00,1166

-343.00,1167

178.00,1168

-343.00,1169

-343.00,1170

138.00,1171

336.00,1172

211.00,1173

-343.00,1174

-193.00,1175

-343.00,1176

-343.00,1177

336.00,1178

335.00,1179

-328.00,1180

335.00,1181

-164.00,1182

336.00,1183

335.00,1184

-75.00,1185

-343.00,1186

335.00,1187

-309.00,1188

335.00,1189

337.00,1190

-343.00,1191

-343.00,1192

336.00,1193

335.00,1194

-130.00,1195

336.00,1196

-343.00,1197

-343.00,1198

-343.00,1199

335.00,1200

335.00,1201

336.00,1202

305.00,1203

-95.00,1204

-343.00,1205

-343.00,1206

-343.00,1207

335.00,1208

335.00,1209

335.00,1210

-144.00,1211

304.00,1212

-343.00,1213

-151.00,1214

-213.00,1215

335.00,1216

-343.00,1217

335.00,1218

335.00,1219

-343.00,1220

-343.00,1221

-343.00,1222

213.00,1223

335.00,1224

-343.00,1225

335.00,1226

335.00,1227

-343.00,1228

-245.00,1229

-343.00,1230

335.00,1231

335.00,1232

336.00,1233

-343.00,1234

335.00,1235

-343.00,1236

335.00,1237

-343.00,1238

278.00,1239

-343.00,1240

56.00,1241

-37.00,1242

-217.00,1243

-78.00,1244

1.00,1245

-8.00,1246

-43.00,1247

336.00,1248

-343.00,1249

-188.00,1250

335.00,1251

335.00,1252

-343.00,1253

-343.00,1254

-119.00,1255

335.00,1256

57.00,1257

335.00,1258

335.00,1259

335.00,1260

-238.00,1261

-343.00,1262

-286.00,1263

-343.00,1264

-343.00,1265

335.00,1266

137.00,1267

324.00,1268

-343.00,1269

-343.00,1270

-343.00,1271

-229.00,1272

335.00,1273

147.00,1274

-343.00,1275

37.00,1276

335.00,1277

336.00,1278

335.00,1279

337.00,1280

-343.00,1281

135.00,1282

-343.00,1283

-343.00,1284

-145.00,1285

335.00,1286

335.00,1287

-343.00,1288

-343.00,1289

335.00,1290

-343.00,1291

335.00,1292

25.00,1293

-134.00,1294

243.00,1295

186.00,1296

-343.00,1297

335.00,1298

-343.00,1299

-39.00,1300

103.00,1301

-343.00,1302

273.00,1303

335.00,1304

-343.00,1305

-193.00,1306

-343.00,1307

-40.00,1308

-72.00,1309

336.00,1310

129.00,1311

-75.00,1312

170.00,1313

-261.00,1314

-68.00,1315

102.00,1316

-121.00,1317

174.00,1318

-162.00,1319

-234.00,1320

335.00,1321

335.00,1322

-343.00,1323

336.00,1324

-343.00,1325

-343.00,1326

-343.00,1327

-343.00,1328

83.00,1329

335.00,1330

43.00,1331

-343.00,1332

4.00,1333

-343.00,1334

335.00,1335

83.00,1336

155.00,1337

-191.00,1338

88.00,1339

-12.00,1340

-69.00,1341

-5.00,1342

-8.00,1343

-6.00,1344

-8.00,1345

-9.00,1346

-11.00,1347

-9.00,1348

-11.00,1349

-10.00,1350

-11.00,1351

-12.00,1352

-10.00,1353

-12.00,1354

-13.00,1355

-14.00,1356

-14.00,1357

-18.00,1358

-14.00,1359

-15.00,1360

-7.00,1361

-18.00,1362

-14.00,1363

-13.00,1364

-13.00,1365

-12.00,1366

-12.00,1367

-11.00,1368

-12.00,1369

-8.00,1370

-16.00,1371

-7.00,1372

-15.00,1373

-16.00,1374

-177.00,1375

7.00,1376

19.00,1377

13.00,1378

7.00,1379

-2.00,1380

-8.00,1381

-12.00,1382

-13.00,1383

-13.00,1384

-12.00,1385

-7.00,1386

-10.00,1387

-9.00,1388

-12.00,1389

-11.00,1390

-9.00,1391

-7.00,1392

-11.00,1393

-12.00,1394

-11.00,1395

-13.00,1396

-11.00,1397

-15.00,1398

-13.00,1399

-14.00,1400

-13.00,1401

-10.00,1402

-12.00,1403

-11.00,1404

-13.00,1405

-13.00,1406

-13.00,1407

-13.00,1408

-12.00,1409

-12.00,1410

-11.00,1411

-10.00,1412

-10.00,1413

-13.00,1414

-7.00,1415

-12.00,1416

-11.00,1417

-12.00,1418

-12.00,1419

-12.00,1420

-11.00,1421

-12.00,1422

-12.00,1423

-13.00,1424

-10.00,1425

-12.00,1426

-12.00,1427

-8.00,1428

-11.00,1429

-11.00,1430

-12.00,1431

-12.00,1432

-12.00,1433

-11.00,1434

-11.00,1435

-12.00,1436

-12.00,1437

-12.00,1438

-11.00,1439

-12.00,1440

-12.00,1441

-11.00,1442

-11.00,1443

-11.00,1444

-11.00,1445

-12.00,1446

-11.00,1447

-11.00,1448

-10.00,1449

-11.00,1450

-11.00,1451

-11.00,1452

-12.00,1453

-7.00,1454

-12.00,1455

-11.00,1456

-12.00,1457

-12.00,1458

-12.00,1459

-11.00,1460

-9.00,1461

-11.00,1462

-11.00,1463

-12.00,1464

-12.00,1465

-12.00,1466

-11.00,1467

-11.00,1468

-12.00,1469

-8.00,1470

-11.00,1471

-11.00,1472

-11.00,1473

-12.00,1474

-11.00,1475

-12.00,1476

-11.00,1477

-11.00,1478

-11.00,1479

-12.00,1480

-10.00,1481

-12.00,1482

-11.00,1483

-12.00,1484

-11.00,1485

-12.00,1486

-11.00,1487

-12.00,1488

-12.00,1489

-11.00,1490

-11.00,1491

-12.00,1492

-7.00,1493

-11.00,1494

-12.00,1495

-12.00,1496

-12.00,1497

-9.00,1498

-11.00,1499

-12.00,1500

-12.00,1501

-12.00,1502

-12.00,1503

-12.00,1504

-11.00,1505

-11.00,1506

-12.00,1507

-12.00,1508

-12.00,1509

-11.00,1510

-11.00,1511

-6.00,1512

-10.00,1513

-11.00,1514

-11.00,1515

-11.00,1516

-11.00,1517

-11.00,1518

-10.00,1519

-11.00,1520

-11.00,1521

-11.00,1522

-11.00,1523

-10.00,1524

-11.00,1525

-11.00,1526

-11.00,1527

-11.00,1528

-11.00,1529

-11.00,1530

-10.00,1531

-6.00,1532

-11.00,1533

-11.00,1534

-10.00,1535

-11.00,1536

-11.00,1537

-11.00,1538

-12.00,1539

-11.00,1540

-12.00,1541

-11.00,1542

-12.00,1543

-12.00,1544

-12.00,1545

-12.00,1546

-11.00,1547

-11.00,1548

-12.00,1549

-11.00,1550

-12.00,1551

-11.00,1552

-11.00,1553

-7.00,1554

-10.00,1555

-11.00,1556

-11.00,1557

-12.00,1558

-11.00,1559

-11.00,1560

-11.00,1561

-11.00,1562

-10.00,1563

-11.00,1564

-11.00,1565

-11.00,1566

-11.00,1567

-12.00,1568

-11.00,1569

-11.00,1570

-7.00,1571

-9.00,1572

-12.00,1573

-12.00,1574

-11.00,1575

-11.00,1576

-12.00,1577

-11.00,1578

-11.00,1579

-11.00,1580

-12.00,1581

-11.00,1582

-11.00,1583

-11.00,1584

-11.00,1585

-11.00,1586

-11.00,1587

-11.00,1588

-11.00,1589

-10.00,1590

-10.00,1591

-11.00,1592

-11.00,1593

-11.00,1594

-10.00,1595

-6.00,1596

-10.00,1597

-11.00,1598

-12.00,1599

-11.00,1600

-11.00,1601

-11.00,1602

-11.00,1603

-11.00,1604

-12.00,1605

-11.00,1606

-12.00,1607

-9.00,1608

-11.00,1609

-10.00,1610

-11.00,1611

-12.00,1612

-11.00,1613

-11.00,1614

-11.00,1615

-11.00,1616

-12.00,1617

-12.00,1618

-11.00,1619

-11.00,1620

-12.00,1621

-12.00,1622

-11.00,1623

-11.00,1624

-11.00,1625

-11.00,1626

-11.00,1627

-11.00,1628

-11.00,1629

-12.00,1630

-11.00,1631

-11.00,1632

-12.00,1633

-11.00,1634

-11.00,1635

-11.00,1636

-11.00,1637

-7.00,1638

-12.00,1639

-10.00,1640

-12.00,1641

-12.00,1642

-11.00,1643

-11.00,1644

-10.00,1645

-11.00,1646

-12.00,1647

-12.00,1648

-6.00,1649

-12.00,1650

-12.00,1651

-12.00,1652

-12.00,1653

-12.00,1654

-12.00,1655

-12.00,1656

-12.00,1657

-12.00,1658

-11.00,1659

-11.00,1660

-12.00,1661

-11.00,1662

-11.00,1663

-12.00,1664

-12.00,1665

-11.00,1666

-12.00,1667

-11.00,1668

-12.00,1669

-12.00,1670

-12.00,1671

-12.00,1672

-10.00,1673

-11.00,1674

-12.00,1675

-11.00,1676

-12.00,1677

-11.00,1678

-12.00,1679

-8.00,1680

-12.00,1681

-10.00,1682

-12.00,1683

-12.00,1684

-11.00,1685

-12.00,1686

-12.00,1687

-7.00,1688

-12.00,1689

-12.00,1690

-12.00,1691

-11.00,1692

-12.00,1693

-12.00,1694

-12.00,1695

-11.00,1696

-11.00,1697

-12.00,1698

-12.00,1699

-12.00,1700

-12.00,1701

-12.00,1702

-12.00,1703

-12.00,1704

-12.00,1705

-12.00,1706

-11.00,1707

-11.00,1708

-11.00,1709

-10.00,1710

-11.00,1711

-11.00,1712

-11.00,1713

-12.00,1714

-10.00,1715

-13.00,1716

-12.00,1717

-7.00,1718

-11.00,1719

-11.00,1720

-9.00,1721

-7.00,1722

-12.00,1723

-12.00,1724

-11.00,1725

-12.00,1726

-7.00,1727

-12.00,1728

-12.00,1729

-11.00,1730

-12.00,1731

-12.00,1732

-12.00,1733

-12.00,1734

-12.00,1735

-13.00,1736

-12.00,1737

-12.00,1738

-13.00,1739

-12.00,1740

-12.00,1741

-12.00,1742

-12.00,1743

-12.00,1744

-12.00,1745

-12.00,1746

-12.00,1747

-13.00,1748

-13.00,1749

-13.00,1750

-12.00,1751

-13.00,1752

-11.00,1753

-12.00,1754

-10.00,1755

-12.00,1756

-12.00,1757

